GeographyID,Average annual childcare costs paid by relevant households paying childcare costs,Childcare costs paid by relevant households as a % of median income
E08000025," £3,001.01 ",8.34%
E08000029," £2,723.79 ",6.02%
E08000028," £3,075.43 ",9.82%
E08000030," £3,012.16 ",8.84%
E08000027," £2,836.02 ",7.65%
E08000026," £2,944.50 ",8.19%
E08000031," £2,833.65 ",8.45%
E05011151," £2,737.77 ",9.44%
E05011126," £3,070.87 ",10.72%
E05011168," £3,036.20 ",10.96%
E05011156," £3,050.39 ",13.34%
E05011155," £2,959.99 ",13.44%
E05011122," £3,182.23 ",10.80%
E05011134," £2,610.36 ",5.69%
E05011121," £3,652.50 ",12.08%
E05011150," £3,071.13 ",9.55%
E05011170," £3,727.55 ",12.10%
E05011127," £3,699.51 ",13.03%
E05011167," £4,032.47 ",11.67%
E05011120," £4,082.31 ",12.90%
E05011183," £3,817.21 ",11.40%
E05011145," £3,690.48 ",10.95%
E05011138," £3,090.06 ",9.90%
E05011131," £3,329.18 ",9.53%
E05011182," £3,316.27 ",10.24%
E05011169," £2,908.13 ",7.57%
E05011171," £3,872.50 ",10.13%
E05011140," £3,220.47 ",7.48%
E05011154," £2,659.19 ",6.13%
E05011130," £2,727.68 ",6.33%
E05011124," £2,893.67 ",7.68%
E05011172," £2,689.99 ",6.84%
E05011146," £2,843.85 ",7.65%
E05001298," £2,722.93 ",6.12%
E05011133," £2,843.11 ",9.02%
E05011149," £2,874.97 ",9.50%
E05011128," £2,692.18 ",6.23%
E05011144," £2,716.28 ",6.06%
E05011157," £3,028.08 ",8.46%
E05001278," £3,349.37 ",11.48%
E05011184," £2,892.45 ",8.17%
E05011163," £2,752.18 ",6.72%
E05011153," £3,663.75 ",13.48%
E05011125," £3,223.68 ",11.85%
E05011143," £3,018.69 ",8.08%
E05011142," £3,447.20 ",11.85%
E05011160," £2,954.10 ",7.97%
E05011147," £3,406.62 ",12.39%
E05011161," £2,928.42 ",9.28%
E05011135," £2,757.10 ",7.97%
E05011179," £2,589.88 ",5.18%
E05011173," £2,949.61 ",9.39%
E05011139," £3,033.31 ",10.05%
E05011162," £2,868.47 ",8.13%
E05011181," £2,486.49 ",4.48%
E05011132," £3,202.20 ",14.95%
E05011186," £3,232.07 ",9.63%
E05011185," £2,903.79 ",7.81%
E05001292," £2,839.36 ",6.63%
E05011166," £2,802.08 ",7.65%
E05011137," £3,066.04 ",9.41%
E05001284," £2,645.32 ",6.01%
E05001289," £2,762.07 ",6.52%
E05011118," £2,990.34 ",8.21%
E05001294," £2,572.85 ",5.26%
E05011141," £2,823.54 ",5.89%
E05011119," £2,925.68 ",8.25%
E05011123," £2,809.79 ",9.14%
E05011129," £2,675.25 ",6.59%
E05011148," £2,853.51 ",7.77%
E05011158," £2,682.45 ",6.66%
E05011152," £2,746.90 ",8.19%
E05011136," £2,856.87 ",8.53%
E05011165," £2,916.48 ",10.22%
E05001286," £2,629.30 ",6.32%
E05001300," £3,128.12 ",11.57%
E05001290," £3,100.13 ",11.29%
E05001287," £3,015.47 ",11.76%
E05001271," £2,938.28 ",8.38%
E05011159," £2,876.57 ",8.30%
E05001266," £2,951.22 ",7.94%
E05001263," £2,699.36 ",7.54%
E05001310," £2,885.32 ",6.04%
E05001313," £2,735.30 ",6.70%
E05011164," £2,829.41 ",8.39%
E05001245," £2,525.84 ",5.60%
E05001237," £2,786.09 ",7.77%
E05001244," £2,765.00 ",7.19%
E05001264," £2,967.52 ",9.35%
E05001246," £2,760.80 ",6.70%
E05001242," £2,930.70 ",8.28%
E05001275," £3,058.45 ",9.54%
E05001250," £3,071.40 ",9.99%
E05001261," £2,959.10 ",9.41%
E05001270," £3,005.76 ",10.36%
E05001280," £3,159.99 ",9.88%
E05001277," £3,251.88 ",11.93%
E05001276," £3,491.27 ",10.95%
E05001260," £2,750.23 ",6.87%
E05001262," £3,103.27 ",9.81%
E05001272," £2,936.87 ",8.43%
E05001273," £3,049.68 ",9.52%
E05001268," £3,294.00 ",11.67%
E05001267," £3,083.11 ",10.26%
E05001282," £3,007.32 ",9.80%
E05001269," £3,151.36 ",11.30%
E05001283," £2,856.19 ",9.75%
E05011178," £2,538.13 ",4.94%
E05011174," £2,554.65 ",4.43%
E05001318," £2,566.23 ",5.10%
E05011175," £2,585.04 ",5.19%
E05011177," £2,643.12 ",4.97%
E05011180," £2,545.14 ",5.40%
E05011176," £2,740.67 ",6.67%
E05001285," £2,536.15 ",4.57%
E05001297," £2,613.04 ",5.67%
E05001296," £2,743.85 ",5.65%
E05001295," £2,447.74 ",3.89%
E05001299," £2,639.27 ",5.19%
E05001291," £2,540.56 ",4.41%
E05001293," £2,575.25 ",4.73%
E05001288," £2,589.90 ",4.26%
E05001228," £3,119.43 ",11.23%
E05001226," £2,966.95 ",7.79%
E05001220," £2,753.04 ",7.38%
E05001229," £2,744.33 ",7.24%
E05001233," £2,719.29 ",7.11%
E05001227," £3,083.31 ",9.39%
E05001222," £3,562.99 ",12.16%
E05001223," £3,110.44 ",9.90%
E05001225," £3,019.59 ",9.73%
E05001235," £2,845.02 ",7.38%
E05001230," £3,035.97 ",9.11%
E05001219," £3,052.10 ",10.26%
E05001221," £2,511.31 ",4.84%
E05001231," £2,710.95 ",5.39%
E05001232," £2,892.63 ",7.78%
E05001234," £2,685.71 ",6.99%
E05001218," £2,736.75 ",6.61%
E05001224," £3,119.45 ",8.76%
E05001240," £3,185.29 ",8.68%
E05001254," £2,886.05 ",9.08%
E05001255," £3,266.84 ",10.45%
E05001257," £2,919.51 ",8.67%
E05001253," £3,015.50 ",8.98%
E05001256," £2,643.29 ",6.78%
E05001241," £2,939.26 ",9.25%
E05001336," £2,849.95 ",8.62%
E05001243," £2,748.45 ",7.73%
E05001274," £3,148.48 ",11.49%
E05001279," £3,126.20 ",10.31%
E05001238," £2,955.56 ",9.29%
E05001239," £3,171.71 ",9.85%
E05001236," £2,686.40 ",6.15%
E05001249," £2,860.42 ",8.44%
E05001247," £2,510.11 ",5.77%
E05001248," £2,601.64 ",6.05%
E05001259," £2,653.75 ",6.64%
E05001258," £2,624.33 ",6.69%
E05001251," £2,516.20 ",5.40%
E05001252," £2,674.00 ",5.95%
E05001316," £2,836.29 ",8.87%
E05001311," £3,599.79 ",11.43%
E05001303," £3,205.31 ",11.22%
E05001320," £3,100.15 ",9.99%
E05001305," £3,410.04 ",12.09%
E05001304," £3,285.08 ",11.95%
E05001317," £2,775.69 ",8.38%
E05001307," £3,019.76 ",9.61%
E05001314," £3,437.57 ",12.17%
E05001306," £3,089.64 ",10.78%
E05001312," £2,682.77 ",7.08%
E05001315," £2,861.43 ",8.46%
E05001308," £2,889.11 ",8.40%
E05001302," £2,764.60 ",7.09%
E05001265," £3,291.64 ",11.69%
E05001281," £3,143.19 ",10.48%
E05001309," £3,238.32 ",11.10%
E05001301," £2,661.80 ",6.53%
E05001330," £2,791.40 ",10.80%
E05001335," £3,067.54 ",11.67%
E05001326," £2,850.70 ",10.24%
E05001333," £2,699.42 ",7.41%
E05001325," £3,156.02 ",10.75%
E05001328," £2,855.55 ",8.62%
E05001324," £2,722.44 ",7.93%
E05001332," £2,784.60 ",8.24%
E05001340," £2,807.21 ",8.05%
E05001339," £2,688.05 ",8.18%
E05001319," £2,863.07 ",8.05%
E05001322," £2,832.24 ",8.55%
E05001321," £2,875.88 ",9.38%
E05001327," £3,000.07 ",9.70%
E05001323," £3,056.93 ",9.20%
E05001334," £2,658.16 ",5.70%
E05001329," £2,930.58 ",9.11%
E05001331," £2,704.46 ",7.01%
E05001338," £2,504.19 ",5.66%
E05001337," £2,623.03 ",5.90%
E01033625," £2,512.79 ",6.93%
E01033620," £2,907.91 ",8.93%
E01033615," £2,976.60 ",8.08%
E01033616," £2,492.22 ",10.50%
E01033557," £3,142.07 ",8.73%
E01009146," £2,524.66 ",10.36%
E01033627," £2,663.49 ",10.35%
E01034951," £2,629.54 ",6.98%
E01009141," £2,892.38 ",12.24%
E01033565," £2,245.12 ",7.85%
E01034950," £2,318.00 ",4.76%
E01033623," £2,824.86 ",9.63%
E01033622," £2,522.96 ",6.21%
E01033617," £2,173.88 ",6.90%
E01034930," £2,948.32 ",9.62%
E01033561," £2,608.79 ",11.81%
E01033567," £2,426.24 ",7.00%
E01009200," £3,051.71 ",12.13%
E01034947," £2,807.51 ",8.64%
E01033640," £2,592.35 ",8.15%
E01008995," £2,882.17 ",12.40%
E01009362," £2,898.32 ",12.47%
E01008996," £3,038.89 ",10.63%
E01008984," £2,767.32 ",9.17%
E01008982," £2,621.57 ",6.20%
E01034937," £2,266.54 ",4.41%
E01008997," £2,663.38 ",5.25%
E01034926," £3,164.23 ",13.08%
E01008910," £3,374.83 ",14.27%
E01008913," £2,850.24 ",14.02%
E01008901," £3,111.74 ",11.94%
E01034924," £3,793.98 ",12.52%
E01034923," £3,474.64 ",13.36%
E01009062," £3,850.79 ",13.59%
E01009060," £3,707.67 ",12.36%
E01009054," £3,916.12 ",10.18%
E01009061," £3,895.17 ",11.96%
E01034920," £4,157.74 ",11.96%
E01034919," £3,622.02 ",12.23%
E01008916," £4,144.53 ",14.85%
E01009058," £3,787.75 ",11.06%
E01009053," £3,844.32 ",14.49%
E01008899," £3,082.56 ",13.01%
E01009232," £2,908.25 ",8.28%
E01008915," £3,349.29 ",11.31%
E01009202," £3,165.22 ",14.76%
E01034927," £3,123.18 ",15.88%
E01009204," £2,989.77 ",14.25%
E01009363," £3,186.71 ",11.96%
E01009380," £3,998.07 ",13.10%
E01009379," £3,202.25 ",13.12%
E01034928," £2,912.60 ",16.02%
E01009201," £3,048.86 ",12.04%
E01009338," £3,964.27 ",11.76%
E01009329," £3,631.88 ",11.37%
E01009337," £4,189.07 ",12.69%
E01034935," £4,217.13 ",13.05%
E01034934," £3,976.79 ",15.50%
E01009192," £4,246.58 ",11.74%
E01034932," £3,678.10 ",11.26%
E01034933," £4,017.33 ",12.19%
E01009489," £4,276.44 ",13.12%
E01009483," £4,016.43 ",13.81%
E01009335," £4,093.28 ",11.31%
E01009332," £3,532.32 ",14.25%
E01009484," £3,942.48 ",14.34%
E01009479," £4,044.89 ",13.52%
E01009482," £3,942.28 ",14.74%
E01009334," £3,806.76 ",10.08%
E01009328," £4,227.86 ",11.73%
E01009344," £4,003.91 ",14.57%
E01033642," £4,098.24 ",11.84%
E01009325," £3,964.94 ",12.94%
E01009342," £3,803.68 ",9.26%
E01009326," £3,734.62 ",10.50%
E01009343," £3,767.30 ",11.83%
E01009492," £3,698.50 ",11.04%
E01009487," £3,957.88 ",10.91%
E01009327," £4,203.41 ",11.42%
E01009490," £3,489.14 ",11.36%
E01009090," £3,602.56 ",7.93%
E01009486," £3,975.62 ",11.51%
E01009478," £3,438.04 ",12.21%
E01009480," £3,681.00 ",10.95%
E01009086," £3,542.91 ",9.02%
E01009481," £3,838.21 ",10.74%
E01009331," £4,081.60 ",11.76%
E01009477," £3,381.81 ",10.29%
E01009371," £4,011.16 ",13.19%
E01009365," £3,363.67 ",12.85%
E01009368," £3,555.31 ",12.60%
E01009485," £3,987.53 ",11.87%
E01009364," £2,623.17 ",11.85%
E01034931," £4,676.20 ",12.46%
E01009195," £4,302.70 ",12.81%
E01033649," £4,216.92 ",11.69%
E01033650," £3,974.00 ",11.73%
E01009491," £4,011.43 ",12.07%
E01009488," £4,031.83 ",14.06%
E01009476," £3,645.65 ",11.33%
E01009372," £4,137.62 ",11.42%
E01009373," £4,007.01 ",12.41%
E01009367," £3,403.35 ",10.50%
E01009475," £3,960.20 ",12.14%
E01009199," £2,930.71 ",10.06%
E01009377," £3,767.84 ",14.13%
E01008884," £3,355.62 ",10.92%
E01008889," £3,056.72 ",8.24%
E01008890," £2,955.67 ",7.99%
E01009333," £4,263.35 ",13.21%
E01009026," £3,157.21 ",9.37%
E01009028," £3,494.74 ",10.09%
E01034954," £3,673.84 ",10.31%
E01009197," £3,954.15 ",11.42%
E01034952," £3,438.31 ",10.46%
E01009341," £3,229.59 ",11.64%
E01009339," £3,908.77 ",12.46%
E01009391," £3,774.35 ",10.42%
E01009393," £4,062.31 ",10.92%
E01034955," £3,966.98 ",10.26%
E01009017," £3,713.84 ",8.87%
E01009014," £3,050.45 ",8.12%
E01009018," £2,752.81 ",7.36%
E01009029," £3,405.19 ",9.05%
E01033643," £4,112.11 ",12.55%
E01034953," £4,146.97 ",11.54%
E01009396," £4,015.22 ",10.37%
E01009395," £3,280.03 ",8.66%
E01009392," £3,791.73 ",8.96%
E01009394," £2,821.57 ",6.37%
E01009382," £4,031.59 ",10.44%
E01009389," £3,496.61 ",7.99%
E01009383," £3,477.56 ",9.83%
E01009397," £4,016.17 ",12.81%
E01009399," £4,311.45 ",13.54%
E01034946," £2,482.59 ",9.03%
E01033648," £3,464.40 ",11.27%
E01009375," £3,813.43 ",13.05%
E01009376," £3,243.55 ",11.63%
E01009384," £2,658.47 ",8.28%
E01009366," £3,208.02 ",10.65%
E01009374," £3,064.32 ",11.81%
E01034939," £3,361.72 ",9.57%
E01034938," £3,709.75 ",10.12%
E01009182," £2,668.64 ",8.36%
E01009179," £2,622.98 ",5.67%
E01008932," £3,012.50 ",8.61%
E01009176," £2,778.59 ",6.40%
E01008933," £3,127.44 ",7.16%
E01008935," £3,031.28 ",9.13%
E01009046," £3,137.51 ",6.46%
E01009031," £3,051.42 ",6.32%
E01008934," £2,900.67 ",5.69%
E01008937," £2,868.95 ",7.85%
E01008939," £2,961.77 ",9.31%
E01008938," £3,128.19 ",9.21%
E01008968," £2,616.35 ",5.29%
E01008971," £2,801.12 ",7.40%
E01008969," £2,482.37 ",5.65%
E01008936," £2,841.53 ",7.13%
E01009184," £2,531.10 ",5.48%
E01009385," £2,369.73 ",6.09%
E01009186," £2,557.51 ",5.07%
E01009183," £2,520.98 ",4.09%
E01008964," £2,708.53 ",7.33%
E01008963," £2,737.84 ",7.29%
E01009390," £2,620.36 ",6.72%
E01009187," £2,624.92 ",4.95%
E01009185," £2,460.22 ",5.31%
E01009044," £3,658.55 ",9.29%
E01009045," £3,287.34 ",7.43%
E01009189," £2,654.43 ",5.18%
E01009175," £2,566.55 ",5.18%
E01009188," £2,611.24 ",5.18%
E01008943," £2,894.63 ",8.48%
E01008945," £2,983.03 ",8.17%
E01008941," £2,981.45 ",8.93%
E01008940," £2,952.89 ",9.13%
E01008944," £2,796.87 ",8.16%
E01008946," £2,744.93 ",7.71%
E01010218," £2,711.93 ",8.67%
E01008942," £3,127.69 ",8.89%
E01008947," £2,901.93 ",8.06%
E01008949," £2,531.21 ",5.81%
E01008948," £2,621.71 ",6.57%
E01008974," £2,962.16 ",7.18%
E01008976," £2,885.97 ",9.46%
E01008978," £2,790.30 ",15.10%
E01008980," £2,983.75 ",11.70%
E01008979," £2,805.78 ",10.64%
E01009120," £2,692.98 ",7.22%
E01008981," £2,498.32 ",4.50%
E01008967," £2,606.78 ",5.65%
E01008970," £2,902.15 ",7.73%
E01008966," £2,922.72 ",8.23%
E01008973," £2,780.14 ",7.38%
E01008975," £2,581.01 ",6.36%
E01008972," £2,909.41 ",9.26%
E01009178," £2,712.68 ",6.27%
E01008965," £2,542.48 ",5.39%
E01009177," £2,583.88 ",5.54%
E01034948," £2,682.78 ",8.77%
E01008994," £2,740.53 ",6.16%
E01008990," £2,841.33 ",4.92%
E01033626," £3,208.67 ",10.88%
E01033624," £2,674.86 ",8.19%
E01009284," £2,731.89 ",7.02%
E01034936," £2,697.34 ",5.40%
E01008992," £2,608.33 ",4.33%
E01033562," £2,729.01 ",6.54%
E01008988," £2,536.51 ",6.38%
E01009069," £2,593.56 ",5.14%
E01008991," £2,476.04 ",3.66%
E01008989," £2,580.57 ",8.31%
E01009153," £2,918.57 ",9.75%
E01009140," £2,810.99 ",7.05%
E01009152," £3,672.52 ",11.71%
E01009151," £3,748.01 ",12.38%
E01008986," £2,819.67 ",7.84%
E01033892," £3,577.70 ",11.73%
E01009145," £2,938.30 ",7.37%
E01033893," £3,400.72 ",8.87%
E01009138," £3,212.79 ",7.73%
E01033618," £3,107.78 ",6.88%
E01033564," £2,770.87 ",10.19%
E01009143," £2,864.85 ",11.99%
E01034949," £2,592.41 ",8.70%
E01008987," £2,562.64 ",8.60%
E01009072," £2,519.87 ",5.22%
E01009071," £2,598.69 ",5.98%
E01009068," £2,669.79 ",4.78%
E01009075," £2,686.78 ",8.34%
E01009078," £2,772.54 ",7.49%
E01009077," £2,724.99 ",6.41%
E01009064," £2,830.95 ",7.54%
E01009260," £2,557.74 ",4.62%
E01009066," £2,583.39 ",4.03%
E01009147," £2,747.43 ",6.03%
E01009065," £2,567.39 ",4.12%
E01009139," £2,927.79 ",7.57%
E01009252," £2,725.50 ",4.67%
E01009261," £2,812.94 ",5.97%
E01009070," £2,715.55 ",5.30%
E01009067," £2,667.44 ",4.55%
E01009346," £3,654.46 ",12.44%
E01009345," £3,247.84 ",14.29%
E01033890," £3,406.39 ",11.58%
E01009361," £3,306.59 ",15.83%
E01009360," £3,095.55 ",12.60%
E01009359," £3,277.68 ",13.40%
E01033638," £3,128.57 ",13.85%
E01009347," £2,914.83 ",12.27%
E01009348," £2,863.09 ",10.38%
E01009358," £3,178.62 ",12.01%
E01033559," £2,438.69 ",6.60%
E01008907," £3,149.53 ",14.14%
E01009355," £3,209.84 ",12.29%
E01009048," £3,213.62 ",10.82%
E01009047," £3,503.90 ",13.65%
E01009059," £3,362.01 ",15.04%
E01008905," £3,996.84 ",13.39%
E01008906," £3,838.50 ",13.91%
E01008909," £3,561.34 ",12.70%
E01034925," £3,355.30 ",11.28%
E01008911," £3,025.48 ",15.33%
E01034929," £2,820.26 ",14.39%
E01009267," £2,883.23 ",6.90%
E01009264," £2,583.18 ",10.58%
E01009266," £3,271.20 ",11.09%
E01009278," £3,034.48 ",6.58%
E01009262," £3,019.59 ",6.48%
E01009279," £3,091.85 ",6.53%
E01009276," £3,034.87 ",7.47%
E01032591," £3,160.56 ",7.04%
E01009263," £2,887.85 ",9.25%
E01009049," £3,107.19 ",9.54%
E01009050," £3,082.63 ",11.16%
E01009352," £3,597.67 ",11.55%
E01009056," £3,009.23 ",10.52%
E01009265," £2,975.11 ",8.21%
E01009270," £3,505.76 ",12.83%
E01009350," £3,724.65 ",13.42%
E01009051," £3,522.12 ",11.31%
E01034918," £3,107.77 ",9.60%
E01009242," £3,087.44 ",8.42%
E01034917," £3,310.92 ",11.72%
E01009057," £3,498.94 ",13.79%
E01009272," £3,223.39 ",11.57%
E01009349," £3,305.51 ",14.22%
E01009351," £3,563.09 ",13.39%
E01009354," £3,334.46 ",14.56%
E01009274," £3,288.70 ",11.32%
E01009275," £3,568.84 ",12.08%
E01034922," £3,377.52 ",12.95%
E01034921," £3,473.83 ",11.87%
E01009273," £3,249.13 ",10.34%
E01009271," £3,419.69 ",11.94%
E01009269," £3,602.68 ",12.46%
E01009268," £3,207.72 ",8.00%
E01009353," £3,603.74 ",12.13%
E01034913," £3,139.54 ",9.88%
E01009136," £2,766.32 ",10.55%
E01034914," £3,073.89 ",9.29%
E01009002," £2,899.71 ",10.20%
E01009122," £3,055.74 ",10.84%
E01009132," £3,267.58 ",10.72%
E01009406," £2,939.51 ",10.35%
E01009404," £2,964.49 ",9.48%
E01034915," £2,926.43 ",10.71%
E01009403," £3,077.49 ",9.49%
E01009458," £2,498.69 ",5.98%
E01009123," £2,973.61 ",9.64%
E01009001," £2,663.78 ",7.08%
E01009472," £2,773.95 ",5.34%
E01009135," £2,492.07 ",6.26%
E01009405," £2,948.19 ",8.45%
E01009407," £2,757.86 ",8.14%
E01009460," £2,581.53 ",6.83%
E01009006," £2,758.08 ",7.79%
E01009003," £2,575.93 ",6.51%
E01033646," £2,805.37 ",10.54%
E01033630," £2,567.74 ",9.19%
E01009413," £3,042.97 ",9.25%
E01009013," £2,775.43 ",8.64%
E01009000," £2,790.56 ",9.39%
E01009409," £2,945.89 ",9.73%
E01009408," £3,062.13 ",9.79%
E01009007," £2,854.55 ",9.29%
E01034916," £2,590.86 ",6.73%
E01009411," £2,754.35 ",8.69%
E01009414," £3,089.39 ",9.40%
E01009124," £3,060.68 ",13.69%
E01009126," £2,866.00 ",7.01%
E01009410," £2,885.53 ",9.14%
E01009125," £3,167.79 ",9.67%
E01009412," £3,115.20 ",10.21%
E01009401," £3,166.97 ",11.37%
E01009008," £2,928.87 ",7.27%
E01009105," £2,850.54 ",7.05%
E01009005," £2,644.48 ",7.56%
E01009100," £2,842.82 ",7.52%
E01009009," £2,536.24 ",6.16%
E01009011," £2,928.88 ",9.67%
E01009461," £2,488.33 ",4.23%
E01009098," £2,732.03 ",7.52%
E01009096," £2,984.99 ",14.54%
E01009102," £2,907.29 ",9.05%
E01008999," £3,219.90 ",8.52%
E01009104," £3,119.80 ",10.45%
E01009400," £3,045.80 ",9.42%
E01008998," £3,337.81 ",10.54%
E01009012," £2,830.02 ",7.26%
E01008887," £2,981.13 ",8.68%
E01008883," £3,281.46 ",9.04%
E01008882," £3,284.87 ",10.68%
E01008886," £2,968.91 ",8.76%
E01008898," £3,334.89 ",10.24%
E01008881," £3,315.45 ",9.25%
E01008896," £3,269.86 ",9.87%
E01008897," £3,140.26 ",8.93%
E01009515," £2,887.31 ",8.64%
E01009513," £3,247.62 ",9.47%
E01009521," £2,915.12 ",7.05%
E01009518," £2,915.61 ",7.92%
E01008885," £2,879.44 ",7.20%
E01008891," £2,643.28 ",6.54%
E01008888," £2,957.25 ",6.85%
E01010162," £2,778.68 ",6.47%
E01009313," £2,906.06 ",7.44%
E01009312," £2,806.25 ",6.55%
E01009316," £2,687.08 ",7.40%
E01009520," £2,718.36 ",6.84%
E01009324," £2,797.74 ",7.58%
E01009516," £2,996.38 ",8.07%
E01009517," £2,927.04 ",8.27%
E01009514," £3,097.04 ",9.16%
E01009519," £2,748.44 ",6.87%
E01009323," £3,117.88 ",8.88%
E01009314," £2,964.21 ",9.02%
E01009322," £2,923.70 ",9.76%
E01009315," £2,708.33 ",8.31%
E01010109," £2,510.73 ",5.53%
E01009320," £2,766.58 ",6.71%
E01009319," £2,578.26 ",6.01%
E01009317," £2,806.29 ",8.16%
E01009318," £2,825.31 ",6.84%
E01010138," £2,615.82 ",6.29%
E01009321," £3,003.26 ",11.66%
E01008894," £2,656.70 ",7.94%
E01008893," £2,749.65 ",6.46%
E01008892," £3,328.39 ",9.89%
E01008895," £2,782.10 ",7.15%
E01010177," £2,653.53 ",6.63%
E01010178," £2,600.86 ",7.55%
E01009015," £2,779.49 ",8.06%
E01010157," £2,717.57 ",5.92%
E01009021," £3,099.52 ",9.51%
E01010174," £2,718.36 ",5.98%
E01009024," £3,119.10 ",9.40%
E01009025," £3,022.38 ",9.24%
E01009019," £3,097.33 ",10.04%
E01009020," £3,165.83 ",8.76%
E01009022," £3,190.15 ",7.99%
E01009016," £2,952.62 ",8.38%
E01009023," £3,151.44 ",6.78%
E01009037," £2,751.09 ",6.22%
E01009040," £2,759.68 ",5.09%
E01009034," £3,010.13 ",6.23%
E01009036," £2,792.81 ",5.77%
E01009039," £2,878.11 ",5.91%
E01009041," £2,860.08 ",6.01%
E01032589," £3,040.73 ",6.96%
E01009042," £2,819.51 ",6.32%
E01009043," £3,429.31 ",8.70%
E01009030," £2,900.66 ",6.31%
E01009032," £3,199.18 ",6.63%
E01009033," £3,110.11 ",8.51%
E01010176," £2,374.36 ",3.70%
E01009035," £3,038.50 ",6.70%
E01009294," £2,653.49 ",6.51%
E01009494," £3,587.97 ",15.73%
E01009504," £2,734.24 ",6.17%
E01009505," £2,980.42 ",9.66%
E01009506," £2,802.18 ",6.21%
E01009496," £2,643.43 ",6.45%
E01009493," £2,703.47 ",8.45%
E01009503," £2,840.87 ",8.88%
E01009501," £3,037.63 ",10.03%
E01009291," £2,908.22 ",7.76%
E01009500," £3,064.26 ",10.04%
E01009502," £2,978.43 ",10.62%
E01008929," £2,823.14 ",11.35%
E01008924," £2,625.36 ",6.76%
E01009280," £2,680.25 ",6.28%
E01034940," £2,403.31 ",7.75%
E01009295," £2,700.24 ",6.25%
E01009281," £2,512.35 ",5.57%
E01009292," £2,679.04 ",5.99%
E01009286," £3,176.00 ",7.07%
E01034941," £2,960.00 ",7.40%
E01009288," £2,674.74 ",5.00%
E01009283," £2,647.37 ",5.36%
E01009296," £2,798.00 ",6.76%
E01009293," £2,711.40 ",6.43%
E01009282," £2,712.40 ",6.99%
E01008961," £2,607.62 ",6.61%
E01008959," £2,557.59 ",6.72%
E01008962," £3,001.21 ",10.53%
E01008960," £2,726.19 ",5.46%
E01008956," £2,554.72 ",5.44%
E01008954," £2,651.19 ",6.49%
E01008958," £2,562.18 ",10.25%
E01009218," £2,612.48 ",4.66%
E01008951," £2,572.80 ",5.21%
E01008950," £2,887.68 ",8.11%
E01008955," £2,550.11 ",5.89%
E01008952," £2,613.31 ",6.71%
E01008957," £2,731.39 ",7.70%
E01008953," £2,808.62 ",7.53%
E01009119," £2,734.20 ",7.40%
E01009116," £2,811.46 ",5.13%
E01008977," £2,810.66 ",7.67%
E01033629," £2,845.06 ",9.76%
E01009495," £2,945.82 ",9.65%
E01008930," £2,939.64 ",9.09%
E01009497," £2,852.24 ",7.40%
E01009498," £3,064.00 ",9.99%
E01009499," £2,961.58 ",9.17%
E01009172," £3,129.98 ",9.67%
E01034944," £2,749.25 ",6.86%
E01009205," £2,611.49 ",6.22%
E01009219," £3,033.15 ",8.23%
E01009208," £2,767.66 ",6.46%
E01009213," £2,664.68 ",8.14%
E01034945," £2,882.78 ",7.95%
E01009206," £2,671.23 ",6.24%
E01009210," £2,879.31 ",8.79%
E01009209," £2,709.57 ",8.18%
E01009207," £2,798.03 ",6.15%
E01009162," £2,537.93 ",6.71%
E01009158," £3,019.96 ",8.79%
E01009117," £3,360.18 ",14.47%
E01009217," £2,635.33 ",6.35%
E01009211," £2,399.17 ",6.15%
E01009214," £2,863.70 ",10.47%
E01009212," £2,635.94 ",8.79%
E01009216," £2,809.62 ",8.20%
E01009112," £2,891.72 ",7.90%
E01009215," £2,791.89 ",11.26%
E01009168," £2,744.16 ",7.12%
E01009166," £2,866.47 ",8.61%
E01009170," £2,620.82 ",6.69%
E01034942," £3,133.00 ",8.01%
E01009159," £2,625.42 ",5.62%
E01009173," £3,051.98 ",9.57%
E01009250," £2,593.93 ",6.23%
E01009253," £2,580.89 ",5.94%
E01009251," £2,605.44 ",5.41%
E01009249," £2,685.13 ",7.09%
E01009257," £2,999.26 ",8.51%
E01009256," £2,840.32 ",7.53%
E01009255," £2,912.00 ",8.34%
E01009259," £2,894.15 ",10.19%
E01009254," £2,659.08 ",7.32%
E01009073," £2,961.79 ",13.07%
E01009074," £3,104.34 ",11.23%
E01009258," £2,876.65 ",9.49%
E01008919," £2,793.69 ",8.02%
E01008918," £2,889.29 ",10.96%
E01008920," £2,680.47 ",7.28%
E01008917," £2,687.33 ",6.73%
E01008923," £2,907.00 ",10.35%
E01008921," £2,780.27 ",8.07%
E01008931," £2,867.67 ",10.33%
E01008928," £2,631.70 ",9.74%
E01008925," £2,737.98 ",7.02%
E01008927," £2,744.72 ",10.87%
E01009299," £3,089.64 ",10.38%
E01009301," £2,869.23 ",10.78%
E01009300," £3,040.01 ",10.34%
E01009303," £2,721.41 ",9.00%
E01009512," £3,062.07 ",8.94%
E01009297," £2,588.65 ",8.31%
E01009302," £2,622.30 ",7.47%
E01009507," £3,161.29 ",11.95%
E01009509," £3,427.01 ",9.60%
E01009510," £2,916.68 ",10.35%
E01009508," £3,040.19 ",8.40%
E01009511," £3,406.86 ",11.07%
E01009095," £3,107.63 ",8.82%
E01009092," £3,366.27 ",11.83%
E01009094," £3,155.11 ",9.51%
E01009311," £3,353.11 ",10.78%
E01009298," £3,255.23 ",10.32%
E01009093," £3,185.47 ",10.27%
E01009091," £2,861.89 ",9.24%
E01009089," £3,555.11 ",8.23%
E01009087," £3,289.58 ",8.18%
E01009305," £2,902.52 ",11.60%
E01009088," £3,093.65 ",10.35%
E01009307," £2,905.15 ",10.53%
E01009309," £2,841.88 ",9.73%
E01009304," £2,871.96 ",9.46%
E01009306," £2,867.99 ",8.94%
E01009310," £2,855.42 ",9.85%
E01009308," £3,131.22 ",11.58%
E01009097," £3,299.40 ",15.07%
E01009099," £3,280.32 ",16.31%
E01009101," £3,082.20 ",12.88%
E01009106," £3,090.00 ",13.88%
E01009103," £3,417.11 ",16.51%
E01010124," £2,572.09 ",5.77%
E01010121," £2,586.90 ",5.61%
E01010117," £2,561.38 ",5.56%
E01010119," £2,694.03 ",6.53%
E01010234," £2,997.29 ",10.71%
E01010238," £3,072.68 ",13.11%
E01010236," £3,305.13 ",14.37%
E01010123," £2,740.12 ",6.11%
E01010240," £3,101.79 ",12.17%
E01010239," £3,124.81 ",10.70%
E01010237," £2,998.78 ",9.51%
E01010146," £3,127.35 ",10.96%
E01010145," £2,902.89 ",8.62%
E01010235," £3,374.12 ",13.18%
E01009085," £3,699.61 ",8.02%
E01009084," £3,773.41 ",9.01%
E01009081," £3,176.88 ",11.69%
E01009083," £3,353.93 ",11.73%
E01009080," £3,319.39 ",13.41%
E01009082," £3,212.05 ",10.03%
E01009079," £2,966.72 ",10.69%
E01010122," £2,356.95 ",5.25%
E01010118," £2,783.99 ",7.15%
E01010120," £2,746.55 ",9.96%
E01010140," £3,229.07 ",13.10%
E01010142," £3,286.71 ",15.84%
E01010144," £2,833.14 ",9.67%
E01010143," £3,160.55 ",12.70%
E01010113," £3,046.88 ",9.69%
E01010141," £2,858.27 ",12.49%
E01010129," £2,984.60 ",11.46%
E01010111," £2,961.34 ",12.52%
E01010114," £2,622.79 ",5.93%
E01010125," £2,863.29 ",11.13%
E01010148," £3,354.63 ",13.57%
E01010149," £2,851.61 ",7.59%
E01010147," £3,255.56 ",13.61%
E01010139," £3,045.47 ",10.15%
E01010127," £2,940.35 ",9.51%
E01010126," £3,111.44 ",12.98%
E01010130," £3,140.74 ",13.69%
E01010128," £3,222.29 ",11.64%
E01010110," £2,416.85 ",5.10%
E01010112," £2,767.04 ",7.78%
E01010131," £3,038.47 ",12.48%
E01009109," £3,337.05 ",13.32%
E01009118," £2,652.50 ",7.60%
E01009108," £2,380.70 ",5.37%
E01009111," £2,765.80 ",6.78%
E01009114," £2,882.63 ",9.76%
E01009107," £2,880.87 ",11.57%
E01009113," £3,004.13 ",9.87%
E01009110," £2,802.63 ",9.17%
E01009115," £2,760.84 ",9.11%
E01009240," £2,950.89 ",8.15%
E01009238," £2,755.23 ",6.53%
E01009245," £2,914.01 ",7.58%
E01009246," £2,759.11 ",7.41%
E01009235," £2,925.37 ",7.58%
E01010008," £3,078.64 ",8.89%
E01009237," £3,004.33 ",8.81%
E01010011," £2,896.71 ",7.23%
E01009236," £3,098.52 ",8.60%
E01010010," £2,936.20 ",11.47%
E01009241," £3,118.64 ",8.27%
E01009239," £2,945.91 ",8.73%
E01009244," £2,848.86 ",8.06%
E01009234," £2,794.91 ",7.56%
E01009248," £2,842.11 ",7.74%
E01009243," £2,833.89 ",7.21%
E01009247," £3,110.17 ",8.15%
E01009225," £2,876.27 ",10.27%
E01009223," £2,753.44 ",7.22%
E01010009," £3,352.95 ",11.63%
E01010014," £2,712.83 ",7.29%
E01010007," £2,933.06 ",9.22%
E01010013," £2,826.24 ",7.54%
E01010012," £2,835.68 ",6.91%
E01009974," £2,638.35 ",6.05%
E01009968," £2,511.94 ",5.99%
E01009949," £2,634.88 ",5.48%
E01009975," £2,563.24 ",5.97%
E01009972," £2,816.68 ",6.74%
E01010334," £2,788.87 ",4.92%
E01010358," £2,787.90 ",7.27%
E01010356," £2,695.47 ",6.40%
E01010357," £2,633.85 ",5.96%
E01010360," £2,785.26 ",7.17%
E01010359," £2,898.89 ",7.65%
E01010355," £2,702.13 ",7.60%
E01009220," £2,940.39 ",8.53%
E01009233," £2,964.94 ",9.33%
E01009137," £3,047.29 ",9.55%
E01009134," £2,991.51 ",10.39%
E01009131," £3,239.92 ",10.03%
E01009231," £3,021.63 ",7.96%
E01009133," £2,913.64 ",10.12%
E01009130," £3,183.32 ",10.68%
E01009128," £3,042.22 ",9.48%
E01009129," £3,291.23 ",11.00%
E01009127," £3,312.69 ",11.24%
E01009469," £2,525.71 ",5.06%
E01009221," £2,805.71 ",7.08%
E01009227," £2,798.13 ",7.63%
E01009230," £2,712.15 ",7.73%
E01009229," £2,885.27 ",7.91%
E01009226," £2,726.30 ",8.11%
E01009228," £2,961.77 ",8.55%
E01009224," £3,003.00 ",8.94%
E01009222," £3,117.70 ",9.92%
E01034943," £2,666.32 ",9.70%
E01009174," £3,026.09 ",9.66%
E01009157," £2,838.06 ",9.74%
E01009160," £2,838.64 ",12.74%
E01009161," £2,804.57 ",8.90%
E01009155," £2,742.18 ",10.03%
E01009171," £2,772.53 ",7.67%
E01009164," £2,688.88 ",7.63%
E01009169," £2,930.69 ",7.72%
E01009167," £2,911.07 ",7.76%
E01009165," £2,943.11 ",10.10%
E01009803," £2,515.56 ",4.55%
E01009802," £2,817.28 ",7.24%
E01009800," £2,494.59 ",4.90%
E01009804," £2,467.21 ",4.79%
E01009735," £2,463.93 ",5.40%
E01009793," £2,619.55 ",5.62%
E01009801," £2,479.42 ",4.96%
E01009796," £2,831.31 ",7.09%
E01009734," £2,924.50 ",8.88%
E01009792," £2,995.29 ",8.96%
E01009795," £2,892.90 ",8.90%
E01009805," £2,411.49 ",5.97%
E01009959," £2,534.59 ",5.48%
E01009797," £2,430.12 ",7.43%
E01009794," £2,750.68 ",7.01%
E01009798," £2,776.09 ",6.60%
E01009791," £2,758.84 ",6.59%
E01009807," £2,613.34 ",5.66%
E01009810," £2,676.86 ",6.86%
E01009808," £2,481.38 ",4.93%
E01009811," £2,602.98 ",6.38%
E01009812," £2,582.60 ",4.77%
E01009809," £3,308.90 ",11.49%
E01009813," £2,943.08 ",8.76%
E01009863," £3,099.34 ",8.00%
E01009861," £2,856.85 ",7.78%
E01009862," £2,843.09 ",8.23%
E01009868," £2,737.81 ",7.88%
E01009870," £2,589.95 ",6.78%
E01009869," £2,743.72 ",6.85%
E01009733," £2,699.49 ",12.84%
E01009806," £2,607.46 ",6.84%
E01009799," £2,317.13 ",5.67%
E01009737," £2,564.49 ",6.64%
E01009736," £2,648.84 ",6.28%
E01009739," £2,920.77 ",7.72%
E01009738," £3,056.19 ",7.92%
E01009732," £2,719.08 ",7.60%
E01009953," £2,706.05 ",9.07%
E01009955," £2,972.71 ",10.03%
E01010042," £2,811.92 ",8.73%
E01010039," £3,397.92 ",11.13%
E01009871," £2,807.23 ",8.61%
E01009956," £3,111.45 ",10.22%
E01009957," £3,635.71 ",14.56%
E01009952," £3,104.98 ",12.40%
E01009933," £3,219.14 ",10.16%
E01009931," £2,657.99 ",6.32%
E01009958," £2,590.02 ",5.63%
E01009954," £3,064.19 ",10.92%
E01009999," £3,169.98 ",9.88%
E01009932," £2,889.51 ",11.62%
E01010004," £2,895.75 ",11.05%
E01009929," £3,403.53 ",14.45%
E01009930," £3,128.99 ",11.32%
E01009936," £2,650.75 ",7.46%
E01010001," £3,164.54 ",11.66%
E01010006," £2,844.44 ",7.49%
E01010038," £3,391.92 ",11.75%
E01010040," £3,037.56 ",9.10%
E01010044," £3,196.12 ",11.55%
E01010043," £2,726.62 ",6.85%
E01009935," £2,943.11 ",11.73%
E01010045," £3,257.54 ",10.52%
E01010079," £2,575.71 ",6.63%
E01010077," £3,170.09 ",13.63%
E01010078," £2,472.20 ",6.09%
E01010041," £3,043.30 ",11.36%
E01010080," £3,594.01 ",14.87%
E01010054," £2,977.54 ",13.92%
E01010053," £3,604.30 ",11.49%
E01010049," £3,073.85 ",10.80%
E01010047," £3,642.49 ",10.54%
E01010046," £3,718.86 ",10.48%
E01010052," £3,856.88 ",14.66%
E01010048," £3,449.63 ",10.86%
E01010062," £3,032.63 ",12.20%
E01033891," £3,002.05 ",16.21%
E01010064," £3,174.97 ",10.97%
E01010061," £3,897.26 ",13.10%
E01010057," £3,433.88 ",11.95%
E01010060," £3,192.22 ",10.56%
E01009921," £2,704.73 ",7.21%
E01009927," £2,722.28 ",6.61%
E01009928," £2,844.69 ",8.96%
E01010058," £3,268.11 ",13.61%
E01010059," £3,449.85 ",10.65%
E01009924," £2,626.98 ",5.69%
E01009926," £2,681.33 ",6.03%
E01009925," £2,531.80 ",4.71%
E01009922," £3,062.06 ",9.79%
E01009923," £2,850.32 ",7.51%
E01009938," £3,312.38 ",11.53%
E01009940," £3,101.37 ",10.92%
E01010055," £3,247.36 ",10.15%
E01009944," £3,309.86 ",11.84%
E01009937," £3,405.40 ",13.38%
E01009943," £3,567.26 ",12.75%
E01010056," £3,244.93 ",11.72%
E01010050," £3,136.18 ",9.31%
E01010051," £3,210.22 ",10.50%
E01010020," £3,492.68 ",11.16%
E01010027," £2,699.12 ",5.80%
E01010023," £2,754.18 ",7.19%
E01010022," £2,744.71 ",6.99%
E01010024," £2,682.20 ",6.16%
E01010028," £3,223.25 ",13.43%
E01010025," £3,272.68 ",13.64%
E01010026," £3,056.67 ",8.99%
E01009939," £2,909.74 ",7.58%
E01010000," £2,817.06 ",7.98%
E01010005," £2,896.33 ",8.07%
E01009941," £2,938.30 ",8.59%
E01010021," £3,180.74 ",10.50%
E01010019," £3,402.87 ",11.75%
E01010003," £2,723.92 ",10.71%
E01009942," £3,415.09 ",12.66%
E01010081," £2,771.86 ",7.25%
E01009934," £3,098.15 ",12.48%
E01010082," £3,066.03 ",7.62%
E01010084," £3,765.70 ",14.44%
E01010083," £3,364.93 ",12.15%
E01010018," £2,881.63 ",8.72%
E01010015," £3,046.98 ",8.82%
E01010016," £3,477.92 ",11.61%
E01010017," £3,007.90 ",11.33%
E01010073," £3,006.50 ",9.59%
E01010069," £3,077.72 ",7.64%
E01010002," £3,026.73 ",7.79%
E01009981," £3,196.11 ",11.61%
E01033888," £3,142.18 ",11.83%
E01010095," £3,335.39 ",11.83%
E01010093," £2,953.61 ",10.87%
E01009979," £2,895.89 ",15.38%
E01010094," £3,061.67 ",8.76%
E01010100," £2,899.41 ",8.36%
E01009991," £3,177.28 ",11.24%
E01010098," £3,152.59 ",12.26%
E01010107," £2,968.42 ",10.80%
E01010102," £3,051.75 ",11.58%
E01009988," £3,229.74 ",10.92%
E01010101," £2,729.74 ",11.67%
E01010105," £2,999.36 ",7.77%
E01010106," £3,043.42 ",9.66%
E01009989," £3,236.34 ",11.13%
E01010104," £2,559.24 ",9.56%
E01009986," £3,433.66 ",11.18%
E01009987," £3,302.32 ",14.05%
E01009985," £3,340.30 ",12.99%
E01010103," £2,896.39 ",10.96%
E01033889," £3,478.98 ",11.54%
E01009946," £2,582.35 ",6.31%
E01009997," £3,199.84 ",11.57%
E01009998," £3,124.91 ",11.31%
E01009947," £2,904.12 ",7.92%
E01009993," £3,184.68 ",12.90%
E01009992," £3,341.72 ",11.10%
E01010099," £3,018.02 ",9.55%
E01009995," £2,938.47 ",9.09%
E01009996," £3,205.06 ",14.57%
E01009994," £3,056.59 ",9.83%
E01009950," £2,831.06 ",7.98%
E01032592," £2,804.19 ",7.83%
E01009948," £2,530.36 ",6.14%
E01009951," £2,723.18 ",13.18%
E01009973," £3,198.84 ",7.51%
E01009462," £2,469.48 ",5.62%
E01009463," £2,386.50 ",4.18%
E01009471," £2,537.29 ",4.55%
E01009459," £2,523.29 ",4.40%
E01009457," £2,440.29 ",4.15%
E01009437," £2,583.14 ",5.19%
E01009453," £2,730.23 ",5.29%
E01009449," £2,476.40 ",5.07%
E01009451," £2,721.03 ",6.24%
E01009424," £2,554.47 ",5.30%
E01009473," £2,688.79 ",6.01%
E01009474," £2,532.97 ",4.86%
E01009456," £2,467.19 ",4.20%
E01009466," £2,339.62 ",3.99%
E01009468," £2,543.64 ",4.83%
E01009430," £2,397.84 ",3.41%
E01009470," £2,591.51 ",4.48%
E01009467," £2,695.23 ",5.92%
E01009465," £2,777.46 ",5.32%
E01009464," £2,692.69 ",5.28%
E01010391," £2,631.80 ",5.62%
E01010389," £2,417.41 ",4.57%
E01010390," £2,624.78 ",5.65%
E01010387," £2,601.01 ",5.36%
E01009427," £2,364.41 ",4.36%
E01010386," £2,544.50 ",5.30%
E01010385," £2,355.25 ",4.00%
E01009428," £2,356.51 ",4.02%
E01009431," £2,464.02 ",4.18%
E01009425," £2,675.23 ",5.74%
E01010392," £2,616.47 ",5.18%
E01010388," £2,411.24 ",4.16%
E01010384," £2,859.00 ",5.86%
E01009422," £2,591.12 ",5.09%
E01009421," £2,445.51 ",3.70%
E01009415," £2,478.48 ",4.41%
E01009418," £2,619.09 ",6.44%
E01009433," £2,581.54 ",4.69%
E01009419," £2,961.50 ",6.18%
E01009417," £2,515.32 ",4.46%
E01009429," £2,471.95 ",4.01%
E01009423," £2,574.10 ",5.68%
E01009416," £2,696.63 ",4.62%
E01009420," £2,754.91 ",5.68%
E01009426," £2,581.03 ",4.76%
E01009444," £2,565.04 ",4.60%
E01009447," £2,803.15 ",6.25%
E01009432," £2,584.26 ",6.04%
E01009446," £2,709.32 ",5.72%
E01009448," £2,766.21 ",7.29%
E01009450," £2,558.67 ",5.90%
E01009454," £2,552.67 ",5.29%
E01009445," £2,926.61 ",8.74%
E01009452," £2,723.69 ",6.31%
E01009438," £2,461.93 ",4.77%
E01009436," £2,401.51 ",4.02%
E01009442," £2,725.65 ",6.24%
E01009439," £2,613.61 ",5.63%
E01009435," £2,508.54 ",4.37%
E01009440," £2,590.22 ",5.35%
E01009455," £2,508.89 ",7.96%
E01009443," £2,596.83 ",5.85%
E01009434," £2,461.66 ",4.67%
E01009441," £2,649.93 ",7.19%
E01010219," £2,706.74 ",5.95%
E01010221," £2,674.49 ",6.12%
E01010222," £2,597.13 ",5.85%
E01032885," £2,627.18 ",5.52%
E01032886," £2,578.18 ",4.30%
E01010181," £2,360.91 ",3.80%
E01010210," £2,283.27 ",4.25%
E01010208," £2,712.39 ",5.61%
E01010223," £2,845.57 ",6.46%
E01010220," £2,727.69 ",5.45%
E01010217," £2,518.42 ",5.15%
E01032590," £2,825.02 ",5.95%
E01010225," £2,710.87 ",5.52%
E01010211," £2,617.35 ",7.32%
E01010201," £2,725.79 ",5.36%
E01010206," £2,719.88 ",4.90%
E01010200," £2,825.62 ",7.56%
E01010203," £2,680.24 ",6.46%
E01010204," £2,862.73 ",8.77%
E01010199," £2,771.88 ",4.91%
E01010205," £2,549.63 ",4.46%
E01010213," £2,714.37 ",6.61%
E01010183," £2,502.36 ",4.90%
E01010215," £2,777.95 ",5.49%
E01010207," £2,392.41 ",4.19%
E01010214," £2,515.43 ",4.53%
E01010180," £2,254.84 ",4.32%
E01010212," £2,482.35 ",3.89%
E01010216," £2,713.92 ",4.59%
E01010209," £2,828.94 ",6.01%
E01010195," £2,484.72 ",3.67%
E01010192," £2,446.68 ",4.33%
E01010231," £2,481.29 ",4.14%
E01010226," £2,538.80 ",5.72%
E01010229," £2,646.61 ",4.27%
E01010173," £2,802.81 ",4.43%
E01010196," £2,310.05 ",3.55%
E01010197," £2,573.25 ",3.83%
E01010191," £2,560.31 ",4.82%
E01010202," £2,668.16 ",4.66%
E01010230," £2,823.83 ",6.42%
E01010172," £2,449.79 ",4.23%
E01010135," £2,924.04 ",7.13%
E01010233," £2,880.95 ",6.64%
E01010228," £2,700.07 ",6.01%
E01010232," £2,717.08 ",7.46%
E01010227," £2,344.55 ",4.19%
E01010154," £2,454.61 ",4.34%
E01010115," £2,628.98 ",5.47%
E01010194," £2,382.60 ",3.91%
E01010198," £2,369.84 ",4.23%
E01010190," £2,714.19 ",4.33%
E01010193," £2,377.19 ",3.31%
E01010108," £2,443.66 ",4.02%
E01010168," £2,401.46 ",4.30%
E01010116," £2,587.48 ",4.29%
E01010179," £2,489.58 ",5.80%
E01010175," £2,487.57 ",4.73%
E01010160," £2,812.85 ",7.03%
E01010163," £2,931.18 ",5.97%
E01010159," £2,985.99 ",6.71%
E01010161," £2,744.79 ",5.68%
E01010158," £3,004.22 ",9.43%
E01010136," £2,682.08 ",5.22%
E01010133," £2,818.06 ",6.75%
E01010132," £2,888.93 ",7.38%
E01010137," £2,940.88 ",9.26%
E01010134," £2,873.29 ",6.50%
E01010167," £2,534.38 ",4.63%
E01010151," £2,594.01 ",5.67%
E01010153," £2,531.28 ",3.94%
E01010155," £2,614.51 ",4.83%
E01010152," £2,515.97 ",3.87%
E01010184," £2,704.85 ",5.69%
E01010188," £2,515.13 ",3.44%
E01010185," £2,433.13 ",3.64%
E01010186," £2,637.44 ",4.69%
E01010187," £2,589.48 ",3.55%
E01010150," £2,438.19 ",3.88%
E01010156," £2,581.26 ",4.29%
E01010189," £2,680.44 ",4.69%
E01034743," £2,411.81 ",9.72%
E01034744," £2,788.16 ",10.56%
E01009638," £3,008.24 ",15.72%
E01009634," £2,935.96 ",9.24%
E01009633," £3,000.44 ",9.85%
E01034750," £2,944.29 ",7.18%
E01034742," £2,923.90 ",10.45%
E01009548," £2,717.23 ",6.95%
E01034741," £2,743.42 ",9.87%
E01009650," £2,710.26 ",8.34%
E01009651," £2,783.36 ",14.14%
E01009689," £2,731.07 ",8.17%
E01009553," £2,663.22 ",7.76%
E01009688," £2,699.11 ",7.77%
E01009632," £2,708.94 ",11.64%
E01009631," £3,144.33 ",12.12%
E01009630," £3,031.19 ",9.66%
E01009573," £3,685.00 ",13.47%
E01034738," £2,917.91 ",8.88%
E01034737," £3,327.39 ",8.86%
E01009574," £3,576.23 ",14.16%
E01009637," £4,062.17 ",15.35%
E01009566," £3,469.90 ",12.28%
E01009639," £3,597.92 ",11.10%
E01009640," £3,707.40 ",14.64%
E01009641," £3,081.49 ",13.81%
E01009709," £3,824.69 ",18.87%
E01009581," £3,192.63 ",12.38%
E01009579," £3,421.29 ",14.35%
E01009599," £2,873.62 ",9.63%
E01009585," £3,685.28 ",13.31%
E01009577," £3,369.43 ",15.11%
E01009584," £3,083.62 ",8.64%
E01009608," £3,157.21 ",10.14%
E01009605," £3,139.44 ",12.55%
E01009607," £3,000.45 ",15.12%
E01032536," £2,762.63 ",7.95%
E01032537," £2,746.14 ",8.04%
E01009586," £2,909.48 ",8.01%
E01009576," £2,764.51 ",8.26%
E01009582," £2,807.34 ",7.69%
E01009580," £2,819.09 ",7.86%
E01009583," £2,946.80 ",8.15%
E01009710," £2,748.76 ",7.96%
E01009717," £2,780.33 ",6.59%
E01009715," £3,029.65 ",8.64%
E01009578," £2,694.68 ",6.04%
E01009712," £2,862.36 ",7.15%
E01009711," £2,833.97 ",7.83%
E01009657," £2,943.75 ",7.17%
E01009714," £2,885.93 ",7.31%
E01009658," £3,061.60 ",7.96%
E01009654," £2,885.33 ",7.33%
E01009614," £2,798.83 ",6.79%
E01009613," £2,810.72 ",6.55%
E01009716," £3,077.41 ",7.74%
E01009656," £2,980.88 ",11.10%
E01009655," £3,307.86 ",10.66%
E01009664," £3,091.23 ",8.59%
E01009663," £2,807.20 ",8.06%
E01009616," £2,829.24 ",7.39%
E01009617," £2,903.17 ",7.27%
E01009615," £2,806.75 ",6.93%
E01009660," £3,061.11 ",8.37%
E01009661," £3,031.73 ",10.19%
E01009636," £3,217.53 ",11.06%
E01009659," £3,180.95 ",13.31%
E01009713," £2,993.33 ",7.35%
E01009718," £2,952.97 ",13.11%
E01009708," £2,728.50 ",7.34%
E01009618," £2,737.39 ",6.10%
E01034749," £2,935.99 ",8.75%
E01009621," £2,938.80 ",8.73%
E01009612," £3,424.53 ",13.98%
E01034746," £3,574.98 ",16.74%
E01034745," £3,273.77 ",7.92%
E01009620," £2,816.85 ",6.48%
E01009537," £3,100.22 ",10.40%
E01009707," £2,832.46 ",6.15%
E01009536," £2,872.78 ",6.67%
E01009532," £2,847.18 ",7.50%
E01009538," £3,038.29 ",9.73%
E01032527," £3,095.07 ",9.43%
E01009543," £2,531.78 ",4.13%
E01009535," £2,829.96 ",7.26%
E01032528," £3,058.42 ",10.63%
E01009542," £3,096.02 ",11.52%
E01009540," £3,491.38 ",15.86%
E01009539," £3,053.70 ",12.66%
E01009541," £2,851.38 ",11.42%
E01009544," £2,733.81 ",8.05%
E01032530," £2,633.63 ",6.70%
E01032529," £2,774.79 ",10.40%
E01009561," £2,618.52 ",7.33%
E01009562," £2,842.60 ",6.71%
E01009563," £2,532.80 ",4.43%
E01009560," £2,407.73 ",3.94%
E01009552," £2,816.45 ",7.75%
E01009549," £2,496.27 ",5.38%
E01032534," £3,084.78 ",9.51%
E01009550," £2,832.49 ",6.76%
E01032535," £2,762.17 ",5.79%
E01009668," £2,926.39 ",6.54%
E01009669," £2,891.14 ",5.37%
E01009672," £2,519.97 ",4.93%
E01009666," £2,818.17 ",5.44%
E01009670," £2,805.02 ",5.69%
E01009559," £2,238.11 ",3.96%
E01009667," £2,629.02 ",5.79%
E01009557," £2,168.24 ",3.61%
E01009671," £2,670.98 ",3.90%
E01033058," £2,843.50 ",7.09%
E01009665," £2,434.07 ",4.31%
E01032533," £2,849.95 ",5.27%
E01009679," £2,927.81 ",8.22%
E01032532," £2,584.48 ",6.06%
E01034747," £3,226.69 ",11.63%
E01034748," £2,987.30 ",13.44%
E01009683," £3,136.76 ",8.46%
E01009676," £2,798.94 ",7.10%
E01034739," £2,717.95 ",6.23%
E01009701," £2,691.88 ",8.85%
E01010166," £2,575.17 ",4.39%
E01009702," £2,814.83 ",11.21%
E01009699," £2,737.42 ",7.17%
E01009686," £2,628.90 ",5.74%
E01009682," £2,697.61 ",6.33%
E01009681," £2,621.65 ",6.21%
E01009697," £2,828.05 ",6.27%
E01034740," £2,910.59 ",7.82%
E01009674," £3,002.75 ",10.51%
E01009700," £2,822.68 ",12.77%
E01009554," £2,586.58 ",5.54%
E01009555," £2,539.61 ",4.87%
E01009556," £2,545.91 ",6.06%
E01009687," £2,735.39 ",6.44%
E01009690," £2,679.59 ",7.02%
E01009691," £2,789.51 ",7.31%
E01009558," £2,520.21 ",4.92%
E01009696," £2,600.62 ",5.90%
E01009695," £2,517.07 ",5.99%
E01009698," £2,466.15 ",5.25%
E01009706," £2,590.73 ",6.12%
E01009705," £2,702.74 ",5.44%
E01009704," £2,494.33 ",4.88%
E01009684," £2,816.73 ",10.21%
E01009685," £2,601.86 ",6.47%
E01009649," £2,801.21 ",6.71%
E01009646," £2,776.94 ",6.01%
E01009694," £2,785.63 ",6.81%
E01009643," £2,718.46 ",6.11%
E01009652," £2,519.21 ",5.92%
E01009647," £2,912.62 ",7.68%
E01009648," £2,686.01 ",5.83%
E01009526," £3,062.34 ",6.50%
E01010164," £2,512.69 ",4.88%
E01009523," £2,384.76 ",4.88%
E01009531," £2,759.02 ",7.82%
E01009528," £2,683.13 ",5.76%
E01009693," £2,652.78 ",6.86%
E01009692," £2,583.61 ",6.21%
E01009645," £2,724.19 ",6.33%
E01009644," £2,816.67 ",6.52%
E01009653," £2,776.03 ",6.52%
E01009522," £2,711.07 ",7.51%
E01009628," £2,947.21 ",8.13%
E01009627," £2,910.04 ",9.31%
E01009530," £2,763.78 ",6.34%
E01009529," £2,771.51 ",6.69%
E01009524," £2,603.47 ",7.53%
E01009527," £2,966.86 ",7.41%
E01009525," £2,737.74 ",6.76%
E01009594," £2,533.89 ",5.71%
E01009590," £2,727.34 ",6.73%
E01009591," £3,110.87 ",8.15%
E01009598," £2,740.01 ",7.00%
E01009622," £3,381.95 ",11.75%
E01009623," £3,039.74 ",9.69%
E01009625," £3,117.07 ",7.56%
E01009624," £3,282.22 ",9.61%
E01009626," £3,205.30 ",8.43%
E01009587," £3,180.31 ",8.83%
E01009596," £3,466.39 ",9.95%
E01009597," £3,191.72 ",9.04%
E01009588," £3,096.82 ",11.02%
E01009593," £3,052.00 ",8.32%
E01032587," £3,396.14 ",9.93%
E01009592," £3,320.40 ",10.75%
E01009589," £3,147.59 ",8.47%
E01009570," £3,444.07 ",10.97%
E01034735," £2,989.73 ",8.13%
E01009567," £3,568.87 ",12.59%
E01009571," £3,371.15 ",14.85%
E01009569," £3,724.47 ",13.99%
E01034736," £3,870.29 ",15.57%
E01009565," £4,088.63 ",11.88%
E01009564," £3,466.11 ",10.75%
E01009568," £3,834.40 ",11.50%
E01009575," £3,498.37 ",11.31%
E01032538," £2,958.38 ",9.78%
E01009604," £3,102.08 ",8.95%
E01009606," £3,075.26 ",7.93%
E01009610," £3,170.35 ",10.93%
E01009609," £3,380.49 ",10.97%
E01009662," £2,959.08 ",9.32%
E01010171," £2,663.46 ",4.79%
E01010170," £2,480.78 ",3.62%
E01010169," £2,557.81 ",4.64%
E01010165," £2,768.81 ",6.43%
E01034309," £2,578.32 ",12.23%
E01034308," £2,865.57 ",10.93%
E01009757," £2,948.15 ",7.51%
E01009892," £3,255.59 ",13.54%
E01009889," £2,949.70 ",9.88%
E01009840," £3,208.90 ",10.63%
E01009885," £3,115.83 ",11.24%
E01009886," £2,909.69 ",12.58%
E01009879," £2,915.99 ",8.15%
E01009844," £3,325.51 ",12.86%
E01009841," £3,079.87 ",11.83%
E01009839," £3,224.37 ",9.56%
E01009780," £2,627.27 ",5.02%
E01009880," £2,630.92 ",5.38%
E01009884," £2,966.09 ",10.52%
E01009786," £3,108.96 ",12.11%
E01009883," £3,086.88 ",10.35%
E01009882," £3,035.87 ",8.05%
E01009784," £2,536.10 ",4.98%
E01009787," £2,455.63 ",4.76%
E01034306," £3,908.69 ",16.01%
E01009762," £4,117.62 ",15.61%
E01009756," £3,541.46 ",12.56%
E01009758," £3,434.97 ",11.32%
E01009760," £3,193.37 ",9.52%
E01009774," £2,866.15 ",7.35%
E01034307," £3,554.68 ",11.25%
E01009776," £2,653.37 ",6.38%
E01009790," £2,927.16 ",9.80%
E01009775," £3,140.17 ",9.21%
E01009893," £3,889.05 ",15.11%
E01009891," £3,636.31 ",11.79%
E01009876," £3,110.80 ",9.59%
E01009877," £3,289.84 ",12.45%
E01009874," £3,373.70 ",10.58%
E01009878," £2,869.57 ",6.96%
E01009872," £3,321.00 ",10.65%
E01009873," £2,765.17 ",7.90%
E01009842," £3,141.22 ",12.52%
E01009894," £3,236.21 ",8.71%
E01009888," £2,972.45 ",7.30%
E01009890," £3,346.97 ",11.95%
E01009887," £3,029.31 ",8.93%
E01009843," £2,549.93 ",7.30%
E01009875," £3,097.25 ",10.17%
E01009771," £2,698.96 ",7.70%
E01009772," £3,166.33 ",10.14%
E01009773," £2,882.40 ",9.11%
E01009778," £2,659.64 ",6.48%
E01009777," £3,046.63 ",9.64%
E01010532," £2,794.17 ",9.00%
E01009901," £2,244.84 ",5.40%
E01009895," £2,738.06 ",7.35%
E01009788," £2,924.17 ",10.60%
E01009898," £2,507.87 ",6.66%
E01009781," £2,621.27 ",7.60%
E01009789," £2,496.47 ",6.32%
E01009782," £3,230.60 ",10.19%
E01009783," £3,220.86 ",10.27%
E01009779," £2,632.34 ",8.02%
E01009785," £2,538.88 ",6.43%
E01009900," £2,593.84 ",6.35%
E01009899," £2,444.00 ",5.76%
E01009897," £2,541.91 ",5.79%
E01009896," £2,719.01 ",6.51%
E01009902," £2,257.31 ",5.19%
E01010037," £3,539.02 ",11.91%
E01010035," £2,634.90 ",6.90%
E01010034," £2,652.71 ",5.95%
E01010031," £2,887.45 ",13.19%
E01010097," £2,903.77 ",8.54%
E01009982," £3,463.54 ",10.92%
E01010029," £3,657.25 ",17.44%
E01010033," £2,795.21 ",13.18%
E01009977," £3,030.04 ",9.20%
E01009983," £3,157.03 ",12.09%
E01009978," £3,094.58 ",10.61%
E01009980," £3,157.83 ",10.28%
E01009976," £2,946.65 ",7.26%
E01010072," £3,072.86 ",9.77%
E01010067," £3,057.44 ",11.87%
E01010071," £3,002.14 ",10.99%
E01010068," £3,103.76 ",9.30%
E01009759," £2,779.33 ",7.31%
E01009769," £3,197.50 ",13.10%
E01010070," £2,913.47 ",9.46%
E01010076," £3,067.28 ",10.44%
E01010075," £3,156.94 ",7.41%
E01010066," £3,081.46 ",13.95%
E01033887," £3,090.52 ",9.74%
E01033886," £3,441.97 ",10.26%
E01010030," £3,127.04 ",16.00%
E01010036," £3,315.03 ",10.10%
E01010032," £3,946.50 ",16.38%
E01009865," £3,075.96 ",10.74%
E01009864," £3,162.48 ",8.72%
E01009746," £2,978.79 ",10.16%
E01009866," £2,875.89 ",7.95%
E01009754," £3,232.02 ",10.22%
E01009752," £3,499.72 ",12.02%
E01009741," £2,732.11 ",11.37%
E01009744," £2,938.83 ",9.81%
E01009727," £2,578.78 ",5.22%
E01009728," £2,642.85 ",5.74%
E01009867," £2,853.83 ",8.47%
E01009724," £2,459.05 ",5.35%
E01009719," £2,690.18 ",6.78%
E01009729," £3,094.22 ",8.70%
E01009722," £2,574.91 ",6.71%
E01009720," £2,370.00 ",4.42%
E01009723," £2,544.20 ",4.98%
E01009726," £2,541.40 ",6.02%
E01009740," £3,323.39 ",9.60%
E01009743," £3,527.21 ",13.05%
E01009731," £2,536.89 ",5.89%
E01009730," £2,496.58 ",4.90%
E01009747," £3,047.46 ",9.85%
E01009742," £3,276.13 ",11.23%
E01009753," £3,692.29 ",14.03%
E01009751," £3,084.11 ",10.39%
E01009749," £2,623.10 ",6.00%
E01009748," £3,404.85 ",12.47%
E01009750," £3,061.50 ",9.69%
E01009815," £2,311.75 ",4.11%
E01009818," £2,619.94 ",7.46%
E01009821," £2,256.16 ",5.21%
E01009817," £2,547.95 ",5.68%
E01009814," £2,543.43 ",5.73%
E01009820," £2,786.31 ",6.78%
E01009822," £2,355.97 ",5.64%
E01009819," £2,597.16 ",5.86%
E01009816," £2,641.94 ",5.75%
E01009824," £3,123.54 ",9.99%
E01009825," £2,683.81 ",7.22%
E01009830," £2,673.14 ",5.67%
E01009915," £2,704.94 ",6.50%
E01009912," £2,770.21 ",6.16%
E01009828," £2,604.68 ",7.03%
E01009823," £2,508.31 ",5.18%
E01009911," £2,289.64 ",5.82%
E01009913," £2,716.14 ",7.78%
E01009829," £2,466.94 ",5.06%
E01009827," £2,416.04 ",4.55%
E01009826," £2,391.28 ",5.49%
E01009856," £2,775.83 ",7.15%
E01009906," £2,545.53 ",8.93%
E01009908," £2,573.52 ",5.21%
E01009858," £2,694.13 ",6.58%
E01009850," £2,360.28 ",4.83%
E01009907," £2,657.31 ",6.32%
E01009859," £2,454.98 ",4.44%
E01009857," £3,021.09 ",9.28%
E01009851," £2,420.41 ",4.72%
E01009852," £2,255.04 ",4.29%
E01009845," £2,304.08 ",3.96%
E01009854," £2,671.66 ",4.91%
E01009846," £2,592.70 ",5.54%
E01009905," £2,809.48 ",6.96%
E01009848," £2,633.93 ",6.62%
E01009849," £2,792.55 ",7.35%
E01009847," £2,730.12 ",7.08%
E01009903," £2,507.15 ",5.01%
E01009904," £2,339.29 ",5.01%
E01009745," £2,487.07 ",6.13%
E01009920," £2,490.22 ",5.63%
E01009721," £2,752.47 ",7.22%
E01009909," £2,650.99 ",7.50%
E01009725," £3,308.73 ",12.88%
E01009910," £2,909.55 ",10.22%
E01009918," £3,095.86 ",10.12%
E01009916," £2,676.83 ",6.93%
E01009914," £2,170.20 ",4.89%
E01009917," £2,626.62 ",5.99%
E01009919," £2,542.48 ",6.22%
E01009855," £2,188.17 ",3.65%
E01009853," £2,351.31 ",5.10%
E01009860," £2,666.82 ",5.78%
E01009834," £2,859.79 ",9.20%
E01009836," £3,056.77 ",13.51%
E01009837," £3,016.13 ",9.15%
E01009831," £3,033.25 ",11.42%
E01009833," £3,205.31 ",10.13%
E01009835," £3,248.11 ",8.14%
E01009838," £3,185.48 ",9.72%
E01009832," £3,410.96 ",12.38%
E01010368," £2,658.43 ",11.44%
E01010369," £2,830.97 ",11.20%
E01010363," £3,041.18 ",10.32%
E01033896," £3,022.64 ",12.75%
E01010318," £2,848.99 ",11.70%
E01010326," £2,820.66 ",5.82%
E01010327," £3,510.59 ",9.83%
E01010330," £2,907.70 ",8.31%
E01010328," £3,010.88 ",5.59%
E01010370," £2,870.43 ",11.16%
E01010373," £2,873.79 ",5.70%
E01010372," £3,062.29 ",10.25%
E01010332," £2,846.87 ",5.11%
E01010339," £3,200.18 ",7.85%
E01010338," £3,587.99 ",10.50%
E01010344," £3,864.06 ",13.42%
E01010342," £3,853.14 ",13.49%
E01033897," £3,291.84 ",11.21%
E01010340," £3,551.16 ",14.39%
E01010336," £3,518.94 ",10.16%
E01010343," £3,931.49 ",13.48%
E01010341," £3,969.68 ",12.42%
E01010335," £3,414.35 ",12.37%
E01010259," £2,829.25 ",9.14%
E01010409," £3,066.23 ",10.41%
E01010261," £3,331.32 ",11.21%
E01010402," £2,930.26 ",8.24%
E01010260," £2,913.62 ",10.36%
E01010258," £3,423.56 ",15.14%
E01010266," £3,660.29 ",13.86%
E01010277," £3,233.34 ",10.47%
E01010271," £3,606.47 ",12.92%
E01010374," £3,576.64 ",11.19%
E01010375," £3,634.46 ",12.98%
E01010273," £3,610.23 ",15.10%
E01010274," £3,588.04 ",14.40%
E01010275," £3,198.58 ",12.24%
E01010267," £2,776.96 ",7.63%
E01010378," £2,802.30 ",7.60%
E01010294," £3,315.43 ",14.49%
E01010269," £3,776.87 ",13.77%
E01010268," £3,729.97 ",12.61%
E01010362," £3,686.50 ",13.12%
E01010270," £3,188.25 ",10.50%
E01010365," £3,292.33 ",14.07%
E01010361," £2,921.92 ",8.41%
E01010367," £3,602.74 ",12.12%
E01010366," £3,320.84 ",12.76%
E01010364," £3,788.51 ",13.06%
E01033895," £3,747.90 ",11.13%
E01010279," £3,274.73 ",11.98%
E01032888," £3,053.25 ",12.73%
E01010283," £3,698.24 ",12.81%
E01010289," £3,554.52 ",13.68%
E01033894," £3,520.38 ",11.46%
E01010282," £3,303.73 ",11.41%
E01010288," £3,519.38 ",12.77%
E01010286," £3,555.15 ",12.84%
E01010272," £3,069.76 ",14.26%
E01010295," £3,186.93 ",12.35%
E01010293," £2,933.64 ",10.26%
E01010292," £2,637.94 ",10.32%
E01010296," £2,443.36 ",4.94%
E01010300," £3,260.50 ",12.71%
E01010291," £3,771.36 ",13.95%
E01010298," £2,993.46 ",8.83%
E01010299," £3,630.41 ",13.79%
E01010285," £2,754.45 ",7.32%
E01010290," £2,709.99 ",10.32%
E01010284," £2,855.01 ",9.59%
E01010287," £2,820.81 ",9.88%
E01010297," £2,296.11 ",4.51%
E01010347," £2,938.00 ",10.42%
E01010350," £2,619.96 ",5.92%
E01010348," £2,917.84 ",8.60%
E01010352," £2,612.01 ",6.33%
E01010349," £2,689.55 ",8.88%
E01010351," £2,625.57 ",7.07%
E01010345," £2,611.36 ",6.37%
E01010346," £2,470.97 ",5.19%
E01010354," £2,889.00 ",8.48%
E01010353," £2,867.89 ",8.71%
E01010324," £2,796.45 ",7.85%
E01010322," £2,707.37 ",8.41%
E01010320," £3,078.83 ",10.63%
E01010325," £2,749.12 ",6.50%
E01010323," £2,783.22 ",8.43%
E01010321," £3,206.18 ",9.98%
E01010319," £2,405.74 ",4.95%
E01010317," £2,436.96 ",5.00%
E01010329," £2,704.03 ",5.75%
E01010331," £2,492.51 ",5.03%
E01010333," £2,694.58 ",5.69%
E01009969," £3,156.18 ",9.93%
E01010337," £3,103.30 ",8.65%
E01009971," £3,254.73 ",11.71%
E01009970," £3,014.41 ",9.56%
E01010306," £2,728.40 ",6.45%
E01010308," £2,793.34 ",9.55%
E01010305," £3,218.04 ",10.86%
E01010302," £3,156.45 ",11.75%
E01010250," £2,687.03 ",6.88%
E01010304," £2,653.80 ",7.74%
E01010096," £2,822.55 ",10.28%
E01010092," £2,949.64 ",9.32%
E01009966," £3,521.54 ",11.90%
E01009960," £3,212.36 ",12.47%
E01009962," £3,593.51 ",15.96%
E01009963," £3,393.78 ",13.79%
E01009967," £2,987.56 ",9.41%
E01009965," £3,896.97 ",14.33%
E01009964," £3,659.53 ",14.78%
E01009961," £2,699.87 ",7.23%
E01010085," £2,806.35 ",7.56%
E01010090," £2,963.17 ",12.13%
E01010089," £3,385.14 ",11.76%
E01010309," £3,195.21 ",10.88%
E01010313," £3,458.29 ",12.49%
E01010310," £3,375.49 ",10.15%
E01010311," £3,090.01 ",9.80%
E01010263," £3,272.74 ",9.55%
E01010264," £3,075.13 ",10.51%
E01010312," £3,349.72 ",12.29%
E01010265," £3,407.34 ",12.53%
E01010262," £3,105.64 ",10.13%
E01010315," £2,984.09 ",9.54%
E01010316," £3,558.63 ",13.66%
E01010314," £3,129.67 ",12.63%
E01010091," £2,948.88 ",9.46%
E01010088," £3,383.94 ",12.42%
E01010087," £3,203.21 ",10.44%
E01010086," £3,318.66 ",11.53%
E01010252," £2,909.73 ",8.45%
E01010307," £2,815.16 ",6.32%
E01010251," £2,477.35 ",4.49%
E01010303," £2,833.43 ",7.96%
E01010301," £3,082.46 ",11.10%
E01010245," £2,433.13 ",5.15%
E01010247," £2,754.99 ",6.77%
E01010248," £2,315.43 ",4.42%
E01010241," £2,341.88 ",5.31%
E01010244," £3,222.19 ",11.22%
E01010246," £2,755.30 ",6.22%
E01010243," £2,712.74 ",7.35%
E01010257," £2,596.07 ",5.82%
E01010256," £2,683.48 ",7.49%
E01010242," £2,889.06 ",10.22%
E01010255," £2,474.95 ",5.63%
E01010249," £2,959.28 ",7.90%
E01010253," £2,921.32 ",9.71%
E01010254," £3,014.18 ",8.62%
E01010472," £2,967.25 ",11.07%
E01034312," £2,311.98 ",9.37%
E01034313," £2,783.16 ",9.53%
E01010528," £2,792.21 ",12.86%
E01010444," £2,728.05 ",9.84%
E01010445," £2,966.71 ",10.53%
E01010447," £2,675.07 ",9.66%
E01010446," £2,781.97 ",8.78%
E01010443," £3,105.07 ",11.58%
E01010448," £2,878.39 ",10.82%
E01010442," £2,907.77 ",10.22%
E01010530," £3,121.84 ",11.71%
E01010529," £3,024.23 ",12.05%
E01010508," £2,685.23 ",9.45%
E01010511," £2,958.36 ",8.93%
E01010526," £3,623.26 ",13.64%
E01010471," £2,926.92 ",13.66%
E01010478," £3,345.21 ",12.72%
E01010473," £2,776.18 ",15.83%
E01010477," £3,060.19 ",10.81%
E01010476," £2,733.09 ",11.04%
E01010460," £2,646.56 ",7.12%
E01010480," £3,017.07 ",9.25%
E01010479," £2,984.06 ",9.30%
E01010459," £2,916.89 ",7.90%
E01010461," £2,790.96 ",6.70%
E01010564," £3,003.14 ",8.22%
E01034311," £2,923.98 ",7.09%
E01010434," £2,955.43 ",9.45%
E01010436," £2,414.40 ",5.82%
E01010441," £2,920.14 ",9.95%
E01010503," £2,721.25 ",8.81%
E01010502," £2,810.96 ",6.83%
E01010495," £2,805.78 ",9.24%
E01010499," £3,010.34 ",7.95%
E01034310," £3,094.36 ",9.15%
E01010522," £3,167.92 ",11.48%
E01010438," £2,579.76 ",7.48%
E01010500," £3,225.17 ",10.04%
E01010501," £2,751.27 ",8.27%
E01010439," £2,989.20 ",9.42%
E01010440," £2,772.34 ",9.75%
E01010457," £2,653.88 ",7.21%
E01010481," £3,099.88 ",10.96%
E01010482," £3,171.36 ",12.45%
E01010456," £3,334.69 ",13.39%
E01010462," £2,794.85 ",9.83%
E01010437," £2,289.47 ",4.95%
E01010485," £3,373.52 ",11.60%
E01010484," £3,120.10 ",11.19%
E01010483," £3,351.86 ",13.69%
E01010486," £3,235.41 ",13.20%
E01010458," £2,772.84 ",9.59%
E01010475," £2,831.52 ",7.78%
E01010566," £2,898.94 ",8.16%
E01010474," £2,711.78 ",8.02%
E01010562," £2,637.76 ",8.48%
E01010558," £2,727.25 ",7.63%
E01010398," £2,504.91 ",5.04%
E01010400," £2,914.07 ",12.61%
E01010555," £2,543.12 ",9.23%
E01010560," £2,794.64 ",9.56%
E01010559," £2,773.34 ",9.80%
E01010557," £2,664.42 ",7.06%
E01010556," £2,776.83 ",7.66%
E01010554," £2,508.74 ",7.08%
E01010561," £2,814.73 ",6.53%
E01010567," £2,774.48 ",8.62%
E01010563," £2,834.03 ",10.02%
E01010565," £2,576.00 ",6.16%
E01010407," £3,118.40 ",9.25%
E01010382," £2,851.85 ",9.29%
E01010379," £2,638.88 ",6.72%
E01010381," £2,927.97 ",10.06%
E01010383," £2,787.62 ",11.62%
E01010376," £2,571.23 ",6.01%
E01010377," £3,044.98 ",8.51%
E01010380," £2,456.73 ",7.11%
E01010395," £2,486.21 ",5.11%
E01010394," £2,947.02 ",7.64%
E01010399," £2,734.71 ",7.18%
E01010397," £3,475.47 ",11.59%
E01010396," £2,900.89 ",8.77%
E01010393," £2,770.84 ",7.60%
E01010404," £3,183.67 ",10.98%
E01010408," £3,080.68 ",10.23%
E01010403," £3,212.79 ",10.22%
E01010406," £3,093.55 ",10.12%
E01010405," £2,969.02 ",9.21%
E01010418," £2,642.83 ",6.32%
E01010423," £2,928.18 ",11.12%
E01010401," £3,234.20 ",11.70%
E01010424," £2,763.50 ",7.34%
E01010421," £2,958.47 ",9.78%
E01010425," £2,875.68 ",8.84%
E01010414," £2,770.57 ",10.82%
E01010410," £2,842.83 ",9.18%
E01010451," £2,793.29 ",7.66%
E01010450," £2,907.14 ",9.20%
E01010455," £2,974.43 ",10.06%
E01009770," £2,852.80 ",9.80%
E01010412," £2,881.44 ",8.97%
E01010422," £2,764.09 ",7.52%
E01010420," £2,975.77 ",9.99%
E01010419," £2,911.95 ",8.96%
E01010417," £2,711.76 ",10.34%
E01010415," £3,228.56 ",10.05%
E01010416," £2,903.55 ",10.64%
E01009767," £2,644.02 ",8.40%
E01009763," £3,177.84 ",10.24%
E01010413," £2,813.52 ",10.02%
E01010411," £2,940.78 ",7.89%
E01009764," £2,785.76 ",7.57%
E01009765," £2,929.05 ",7.91%
E01009766," £2,967.70 ",9.20%
E01010538," £2,823.54 ",7.73%
E01010531," £3,083.78 ",10.57%
E01009768," £2,939.93 ",9.25%
E01010534," £2,928.99 ",6.41%
E01010454," £3,135.76 ",10.82%
E01034315," £3,141.20 ",9.69%
E01034314," £2,920.39 ",9.61%
E01010449," £2,921.09 ",9.63%
E01010452," £2,779.92 ",9.70%
E01010433," £3,049.66 ",10.98%
E01010428," £3,281.57 ",12.40%
E01010430," £3,118.04 ",11.46%
E01010429," £3,102.85 ",10.39%
E01010427," £2,970.38 ",7.49%
E01010426," £2,773.41 ",8.22%
E01010519," £2,772.58 ",6.07%
E01010467," £2,744.51 ",6.97%
E01010464," £2,632.09 ",12.76%
E01010470," £2,977.57 ",10.02%
E01010466," £3,312.79 ",11.58%
E01010465," £3,274.91 ",9.84%
E01010463," £2,994.95 ",10.37%
E01010468," £2,746.57 ",6.50%
E01010469," £2,672.24 ",6.58%
E01010488," £2,704.86 ",7.05%
E01010493," £2,690.94 ",5.70%
E01010487," £2,633.70 ",5.62%
E01010489," £2,546.83 ",7.16%
E01010518," £2,778.33 ",5.55%
E01010516," £2,777.36 ",5.62%
E01010507," £2,347.97 ",4.95%
E01010504," £2,547.60 ",5.02%
E01010494," £2,843.83 ",5.83%
E01010509," £2,677.51 ",7.99%
E01010552," £2,641.08 ",6.82%
E01010550," £2,223.25 ",3.77%
E01010505," £2,500.71 ",5.22%
E01010506," £2,726.57 ",8.15%
E01010512," £2,634.36 ",6.92%
E01010490," £2,673.12 ",12.02%
E01010513," £2,456.49 ",5.20%
E01010517," £2,732.48 ",6.75%
E01010514," £2,527.89 ",5.27%
E01010492," £2,642.88 ",5.75%
E01010491," £2,908.53 ",8.26%
E01010432," £2,960.77 ",7.18%
E01010431," £3,160.44 ",7.10%
E01010520," £2,569.95 ",5.64%
E01010515," £2,661.44 ",5.57%
E01010533," £2,939.64 ",10.06%
E01010536," £2,698.48 ",6.81%
E01010535," £3,014.58 ",10.61%
E01010537," £2,563.55 ",7.17%
E01010510," £2,544.94 ",6.99%
E01010524," £2,895.24 ",10.50%
E01010525," £3,265.40 ",10.31%
E01010523," £2,855.01 ",8.60%
E01010527," £3,059.09 ",13.67%
E01010547," £2,586.23 ",6.07%
E01010546," £2,439.71 ",3.99%
E01010551," £2,571.91 ",5.66%
E01010549," £2,608.92 ",6.29%
E01010548," £2,512.60 ",6.78%
E01010553," £2,600.02 ",5.62%
E01010540," £2,349.38 ",4.97%
E01010539," £2,817.89 ",6.97%
E01010544," £2,450.67 ",5.48%
E01010545," £2,788.13 ",6.39%
E01010542," £2,817.66 ",6.99%
E01010541," £2,763.82 ",11.16%
E01010543," £2,920.77 ",10.48%
E01010496," £2,882.24 ",9.28%
E01010497," £2,425.53 ",5.57%
E01010498," £2,503.14 ",6.52%
